{"cameraMode":{"drawMode":0,"name":"Shaded","section":"Shading Mode"},"sceneLighting":true,"audioPlay":false,"sceneViewState":{"showFog":true,"showMaterialUpdate":false,"showSkybox":true,"showFlares":true,"showImageEffects":true,"showParticleSystems":true},"in2DMode":false,"pivot":{"x":-1.8206677436828614,"y":3.543947696685791,"z":4.146078586578369},"rotation":{"x":0.16721796989440919,"y":0.6676538586616516,"z":-0.15766394138336183,"w":0.7081101536750794},"size":4.792222499847412,"orthographic":false}