{"cameraMode":{"drawMode":0,"name":"Shaded","section":"Shading Mode"},"sceneLighting":false,"audioPlay":false,"sceneViewState":{"showFog":true,"showMaterialUpdate":false,"showSkybox":true,"showFlares":true,"showImageEffects":true,"showParticleSystems":true},"in2DMode":false,"pivot":{"x":-0.08078646659851074,"y":1.323845624923706,"z":0.3007447123527527},"rotation":{"x":0.09891485422849655,"y":0.8004876971244812,"z":-0.1377371847629547,"w":0.5748613476753235},"size":2.6427481174468996,"orthographic":false}